Iteration,RMSE,Denormalized_RMSE
0,0.10766471497201435,0.8315845523009965
1,0.07895037948774684,0.8415366003568718
2,0.09077354983615017,0.8676244669781389
3,0.05933208687539016,0.7318217127832662
4,0.07252200181628858,0.8807076074852327
