Iteration,RMSE,Denormalized_RMSE
0,1.0113657250498491,7.811622534799492
1,1.0428093123453483,11.115363969438425
2,1.0085687636350906,9.640021102393945
3,0.9984694343338665,12.3154544206506
4,0.9959323964672232,12.094608755169226
