Iteration,RMSE,Denormalized_RMSE
1,0.04836794509108952,0.515556686900036
2,0.053907682738352745,0.5152560915191103
3,0.053728475781522365,0.6627049079572659
4,0.04287446110438827,0.5206677024321125
5,0.36053069082547173,2.8675914965440046
6,0.04676024270466645,0.5128923084377393
7,0.05229824624643703,0.5125319586538924
8,0.2855845868532625,2.8671792060767523
9,0.3023333019582078,2.8691738836346423
10,0.047194517956367844,0.5121498471774767
