Iteration,RMSE,Denormalized_RMSE
0,1.2314594714982615e-16,9.511590436559384e-16
1,1.1708165124301424e-16,1.2479800020024832e-15
2,1.269391078597614e-16,1.2132992043861327e-15
3,1.090488436886744e-16,1.3450447433761464e-15
4,1.1750718883554972e-16,1.4270079775766547e-15
5,1.1979713113958148e-16,9.5284324832287e-16
6,1.1138937551000596e-16,1.2217805262816515e-15
7,1.0792484826019583e-16,1.0576823858599426e-15
8,1.2887321641787495e-16,1.2938464586095328e-15
9,1.3057644151252987e-16,1.2391837530934163e-15
10,1.1974498888388864e-16,1.2994597765327416e-15
11,1.1729344029470976e-16,1.2220886723972155e-15
12,1.1139716266385927e-16,1.0411980331974585e-15
13,1.1402639325465263e-16,1.4115804503901135e-15
14,1.0515973783359118e-16,9.50984446571016e-16
15,1.029632973839361e-16,1.0293015623251357e-15
16,1.26182510660537e-16,1.4156267471945036e-15
17,1.193986640644898e-16,1.2121103019334831e-15
18,1.2659518068692919e-16,1.2648076990091532e-15
19,1.156833365984718e-16,1.4034662040531168e-15
20,1.1460580493907987e-16,1.3212399407486822e-15
21,1.216814168076938e-16,1.2756873685076683e-15
22,1.2038630213512163e-16,1.2481655908209284e-15
23,1.2167066052738144e-16,1.4827135360192134e-15
24,1.215789106015233e-16,1.4059684376468458e-15
25,1.1716528692833333e-16,1.0911680843469388e-15
26,1.1893817498183132e-16,1.155152802294265e-15
27,1.2692702412298817e-16,1.188458707927519e-15
28,1.236395787230319e-16,1.2369848641552352e-15
29,1.2332325241247727e-16,1.3581185035346472e-15
