Iteration,RMSE,Denormalized_RMSE
0,1.8963425735999302,14.64703817296432
1,0.20017009766371244,2.1336244939413773
2,0.5309082745847794,5.074484908680515
3,0.23335982010419123,2.8783377129834204
4,0.6274524854870501,7.619786595298409
